Time,Metric,Value,Batch,Component
3504.639080,rt,1.996299,0,A
3504.639080,wait,1.744830,0,A
3504.639080,util,0.881818,0,A
3504.639080,pop,6.999809,0,A
3504.639080,thr,3.505924,0,A
3526.331045,rt,1.491218,0,B
3526.331045,wait,0.689254,0,B
3526.331045,util,0.735331,0,B
3526.331045,pop,1.732932,0,B
3526.331045,thr,1.161264,0,B
3528.559007,rt,3.822406,0,P
3528.559007,wait,3.123463,0,P
3528.559007,util,0.811246,0,P
3528.559007,pop,4.436936,0,P
3528.559007,thr,1.160530,0,P
3529.193029,rt,11.272077,0,System
3529.193029,pop,63.786339,0,System
3529.193029,util,0.999476,0,System
3529.193029,thr,1.160322,0,System
6979.359454,rt,1.875323,1,A
6979.359454,wait,1.624807,1,A
6979.359454,util,0.885598,1,A
6979.359454,pop,6.631221,1,A
6979.359454,thr,3.536400,1,A
7025.804919,rt,1.459960,1,B
7025.804919,wait,0.682214,1,B
7025.804919,util,0.732156,1,B
7025.804919,pop,1.709233,1,B
7025.804919,thr,1.170462,1,B
7030.664158,rt,3.281540,1,P
7030.664158,wait,2.583753,1,P
7030.664158,util,0.815895,1,P
7030.664158,pop,3.837554,1,P
7030.664158,thr,1.169582,1,P
7031.147276,rt,10.363631,1,System
7031.147276,pop,149.369438,1,System
7031.147276,util,0.999989,1,System
7031.147276,thr,1.169633,1,System
10454.688225,rt,1.911676,2,A
10454.688225,wait,1.661580,2,A
10454.688225,util,0.884849,2,A
10454.688225,pop,6.763424,2,A
10454.688225,thr,3.535781,2,A
10527.791539,rt,1.540742,2,B
10527.791539,wait,0.724676,2,B
10527.791539,util,0.751084,2,B
10527.791539,pop,1.801703,2,B
10527.791539,thr,1.169622,2,B
10528.310406,rt,3.956142,2,P
10528.310406,wait,3.255141,2,P
10528.310406,util,0.820767,2,P
10528.310406,pop,4.632681,2,P
10528.310406,thr,1.171073,2,P
10528.355837,rt,11.282742,2,System
10528.355837,pop,234.178378,2,System
10528.355837,util,0.999981,2,System
10528.355837,thr,1.171220,2,System
13936.809945,rt,2.069778,3,A
13936.809945,wait,1.820520,3,A
13936.809945,util,0.878842,3,A
13936.809945,pop,7.297216,3,A
13936.809945,thr,3.528883,3,A
14044.074834,rt,1.521839,3,B
14044.074834,wait,0.714009,3,B
14044.074834,util,0.751950,3,B
14044.074834,pop,1.771803,3,B
14044.074834,thr,1.164866,3,B
14046.646240,rt,3.730871,3,P
14046.646240,wait,3.049070,3,P
14046.646240,util,0.794247,3,P
14046.646240,pop,4.344892,3,P
14046.646240,thr,1.164187,3,P
14047.766404,rt,11.395901,3,System
14047.766404,pop,320.379342,3,System
14047.766404,util,0.999888,3,System
14047.766404,thr,1.163831,3,System
17398.814738,rt,1.646897,4,A
17398.814738,wait,1.397938,4,A
17398.814738,util,0.883918,4,A
17398.814738,pop,5.846523,4,A
17398.814738,thr,3.549389,4,A
17506.628231,rt,1.480474,4,B
17506.628231,wait,0.688119,4,B
17506.628231,util,0.747355,4,B
17506.628231,pop,1.752426,4,B
17506.628231,thr,1.182942,4,B
17516.040041,rt,3.312095,4,P
17516.040041,wait,2.622097,4,P
17516.040041,util,0.815333,4,P
17516.040041,pop,3.914176,4,P
17516.040041,thr,1.180610,4,P
17519.166276,rt,9.727397,4,System
17519.166276,pop,394.650559,4,System
17519.166276,util,0.999884,4,System
17519.166276,thr,1.179927,4,System
20910.956514,rt,2.205173,5,A
20910.956514,wait,1.953460,5,A
20910.956514,util,0.880626,5,A
20910.956514,pop,7.716473,5,A
20910.956514,thr,3.498720,5,A
21051.249330,rt,1.536632,5,B
21051.249330,wait,0.725302,5,B
21051.249330,util,0.741164,5,B
21051.249330,pop,1.773514,5,B
21051.249330,thr,1.155554,5,B
21059.406763,rt,3.693269,5,P
21059.406763,wait,2.985121,5,P
21059.406763,util,0.818593,5,P
21059.406763,pop,4.275040,5,P
21059.406763,thr,1.155963,5,P
21059.605170,rt,11.866898,5,System
21059.605170,pop,487.608294,5,System
21059.605170,util,0.999725,5,System
21059.605170,thr,1.156919,5,System
24411.646323,rt,1.634343,6,A
24411.646323,wait,1.385468,6,A
24411.646323,util,0.874487,6,A
24411.646323,pop,5.754398,6,A
24411.646323,thr,3.510165,6,A
24581.685617,rt,1.478373,6,B
24581.685617,wait,0.688474,6,B
24581.685617,util,0.740049,6,B
24581.685617,pop,1.715043,6,B
24581.685617,thr,1.160197,6,B
24586.470774,rt,3.704638,6,P
24586.470774,wait,2.996491,6,P
24586.470774,util,0.820924,6,P
24586.470774,pop,4.288945,6,P
24586.470774,thr,1.161306,6,P
24587.244880,rt,10.135630,6,System
24587.244880,pop,579.188937,6,System
24587.244880,util,0.999761,6,System
24587.244880,thr,1.161116,6,System
27864.629237,rt,1.792170,7,A
27864.629237,wait,1.543759,7,A
27864.629237,util,0.882795,7,A
27864.629237,pop,6.357069,7,A
27864.629237,thr,3.558662,7,A
28033.357232,rt,1.503157,7,B
28033.357232,wait,0.701178,7,B
28033.357232,util,0.765224,7,B
28033.357232,pop,1.785983,7,B
28033.357232,thr,1.186671,7,B
28045.396215,rt,4.329808,7,P
28045.396215,wait,3.644885,7,P
28045.396215,util,0.813247,7,P
28045.396215,pop,5.156625,7,P
28045.396215,thr,1.184183,7,P
28045.561922,rt,11.554385,7,System
28045.561922,pop,653.911632,7,System
28045.561922,util,0.999940,7,System
28045.561922,thr,1.184391,7,System
31403.000332,rt,1.636668,8,A
31403.000332,wait,1.389068,8,A
31403.000332,util,0.859836,8,A
31403.000332,pop,5.683738,8,A
31403.000332,thr,3.472784,8,A
31605.603271,rt,1.526492,8,B
31605.603271,wait,0.716071,8,B
31605.603271,util,0.743007,8,B
31605.603271,pop,1.747740,8,B
31605.603271,thr,1.146618,8,B
31611.695687,rt,3.199382,8,P
31611.695687,wait,2.499631,8,P
31611.695687,util,0.802411,8,P
31611.695687,pop,3.651475,8,P
31611.695687,thr,1.148529,8,P
31611.931295,rt,9.353859,8,System
31611.931295,pop,723.650389,8,System
31611.931295,util,0.999935,8,System
31611.931295,thr,1.148507,8,System
34784.568550,rt,2.094342,9,A
34784.568550,wait,1.846355,9,A
34784.568550,util,0.901388,9,A
34784.568550,pop,7.611631,9,A
34784.568550,thr,3.633817,9,A
35026.375078,rt,1.479948,9,B
35026.375078,wait,0.684590,9,B
35026.375078,util,0.749004,9,B
35026.375078,pop,1.772023,9,B
35026.375078,thr,1.197391,9,B
35029.516691,rt,3.949842,9,P
35029.516691,wait,3.260836,9,P
35029.516691,util,0.824188,9,P
35029.516691,pop,4.725541,9,P
35029.516691,thr,1.198424,9,P
35030.225921,rt,11.481490,9,System
35030.225921,pop,795.619867,9,System
35030.225921,util,0.999975,9,System
35030.225921,thr,1.198258,9,System
38279.495458,rt,2.247394,10,A
38279.495458,wait,1.996808,10,A
38279.495458,util,0.880794,10,A
38279.495458,pop,7.900148,10,A
38279.495458,thr,3.515953,10,A
38535.200165,rt,1.539415,10,B
38535.200165,wait,0.730369,10,B
38535.200165,util,0.750999,10,B
38535.200165,pop,1.799415,10,B
38535.200165,thr,1.167342,10,B
38536.063399,rt,3.530966,10,P
38536.063399,wait,2.823041,10,P
38536.063399,util,0.826900,10,P
38536.063399,pop,4.124496,10,P
38536.063399,thr,1.168101,10,P
38536.635227,rt,11.824486,10,System
38536.635227,pop,882.987188,10,System
38536.635227,util,0.999780,10,System
38536.635227,thr,1.168147,10,System
41733.322444,rt,1.975417,11,A
41733.322444,wait,1.726630,11,A
41733.322444,util,0.886441,11,A
41733.322444,pop,7.043498,11,A
41733.322444,thr,3.557793,11,A
42003.386475,rt,1.487222,11,B
42003.386475,wait,0.697009,11,B
42003.386475,util,0.747485,11,B
42003.386475,pop,1.752851,11,B
42003.386475,thr,1.181021,11,B
42005.821041,rt,4.074055,11,P
42005.821041,wait,3.369049,11,P
42005.821041,util,0.832230,11,P
42005.821041,pop,4.809345,11,P
42005.821041,thr,1.180486,11,P
42007.196709,rt,11.528868,11,System
42007.196709,pop,962.409836,11,System
42007.196709,util,0.999937,11,System
42007.196709,thr,1.180212,11,System
45201.692383,rt,1.917322,12,A
45201.692383,wait,1.665288,12,A
45201.692383,util,0.892514,12,A
45201.692383,pop,6.787410,12,A
45201.692383,thr,3.542875,12,A
45486.982090,rt,1.507936,12,B
45486.982090,wait,0.708044,12,B
45486.982090,util,0.746713,12,B
45486.982090,pop,1.772980,12,B
45486.982090,thr,1.175797,12,B
45491.112414,rt,3.024984,12,P
45491.112414,wait,2.352881,12,P
45491.112414,util,0.790403,12,P
45491.112414,pop,3.555990,12,P
45491.112414,thr,1.175225,12,P
45491.185111,rt,10.625224,12,System
45491.185111,pop,1043.084471,12,System
45491.185111,util,0.999689,12,System
45491.185111,thr,1.175664,12,System
48634.054428,rt,2.142155,13,A
48634.054428,wait,1.891074,13,A
48634.054428,util,0.897858,13,A
48634.054428,pop,7.657438,13,A
48634.054428,thr,3.580042,13,A
48972.634164,rt,1.433336,13,B
48972.634164,wait,0.656399,13,B
48972.634164,util,0.740788,13,B
48972.634164,pop,1.684352,13,B
48972.634164,thr,1.175103,13,B
48973.076625,rt,4.948145,13,P
48973.076625,wait,4.238086,13,P
48973.076625,util,0.834460,13,P
48973.076625,pop,5.818644,13,P
48973.076625,thr,1.176348,13,P
48973.295225,rt,12.365860,13,System
48973.295225,pop,1109.128804,13,System
48973.295225,util,0.999962,13,System
48973.295225,thr,1.176298,13,System
52190.338289,rt,1.441729,14,A
52190.338289,wait,1.195258,14,A
52190.338289,util,0.851806,14,A
52190.338289,pop,4.983968,14,A
52190.338289,thr,3.455292,14,A
52531.087194,rt,1.521595,14,B
52531.087194,wait,0.709579,14,B
52531.087194,util,0.750957,14,B
52531.087194,pop,1.751719,14,B
52531.087194,thr,1.151062,14,B
52537.567519,rt,3.012383,14,P
52537.567519,wait,2.322023,14,P
52537.567519,util,0.794353,14,P
52537.567519,pop,3.466307,14,P
52537.567519,thr,1.149112,14,P
52537.709808,rt,9.159826,14,System
52537.709808,pop,1186.126310,14,System
52537.709808,util,0.999976,14,System
52537.709808,thr,1.149137,14,System
55600.137913,rt,1.883946,15,A
55600.137913,wait,1.635544,15,A
55600.137913,util,0.895039,15,A
55600.137913,pop,6.787832,15,A
55600.137913,thr,3.603731,15,A
55961.060879,rt,1.510662,15,B
55961.060879,wait,0.705615,15,B
55961.060879,util,0.759831,15,B
55961.060879,pop,1.802824,15,B
55961.060879,thr,1.194178,15,B
55969.650720,rt,5.137264,15,P
55969.650720,wait,4.415640,15,P
55969.650720,util,0.861318,15,P
55969.650720,pop,6.134816,15,P
55969.650720,thr,1.193444,15,P
55969.678295,rt,12.056667,15,System
55969.678295,pop,1274.273515,15,System
55969.678295,util,0.999827,15,System
55969.678295,thr,1.193484,15,System
59066.507516,rt,1.911272,16,A
59066.507516,wait,1.665334,16,A
59066.507516,util,0.871826,16,A
59066.507516,pop,6.774498,16,A
59066.507516,thr,3.544919,16,A
59445.159431,rt,1.534229,16,B
59445.159431,wait,0.726262,16,B
59445.159431,util,0.746909,16,B
59445.159431,pop,1.804308,16,B
59445.159431,thr,1.175627,16,B
59453.235621,rt,4.179010,16,P
59453.235621,wait,3.470526,16,P
59453.235621,util,0.833090,16,P
59453.235621,pop,4.915196,16,P
59453.235621,thr,1.175800,16,P
59453.417066,rt,11.589716,16,System
59453.417066,pop,1359.416404,16,System
59453.417066,util,0.999879,16,System
59453.417066,thr,1.175748,16,System
62466.283235,rt,2.028782,17,A
62466.283235,wait,1.779278,17,A
62466.283235,util,0.902785,17,A
62466.283235,pop,7.357640,17,A
62466.283235,thr,3.614356,17,A
62879.766817,rt,1.487506,17,B
62879.766817,wait,0.697280,17,B
62879.766817,util,0.749657,17,B
62879.766817,pop,1.772879,17,B
62879.766817,thr,1.192567,17,B
62888.129073,rt,4.693934,17,P
62888.129073,wait,3.982195,17,P
62888.129073,util,0.847802,17,P
62888.129073,pop,5.587649,17,P
62888.129073,thr,1.192468,17,P
62889.174101,rt,12.976153,17,System
62889.174101,pop,1480.145768,17,System
62889.174101,util,0.999857,17,System
62889.174101,thr,1.192168,17,System
65936.889052,rt,2.640399,18,A
65936.889052,wait,2.388025,18,A
65936.889052,util,0.892135,18,A
65936.889052,pop,9.321698,18,A
65936.889052,thr,3.540592,18,A
66410.676319,rt,1.451044,18,B
66410.676319,wait,0.670890,18,B
66410.676319,util,0.731353,18,B
66410.676319,pop,1.683388,18,B
66410.676319,thr,1.160041,18,B
66412.280657,rt,5.187541,18,P
66412.280657,wait,4.463897,18,P
66412.280657,util,0.840243,18,P
66412.280657,pop,6.025183,18,P
66412.280657,thr,1.162266,18,P
66413.325445,rt,13.549469,18,System
66413.325445,pop,1561.462462,18,System
66413.325445,util,0.999742,18,System
66413.325445,thr,1.162266,18,System
69344.198473,rt,2.295524,19,A
69344.198473,wait,2.044672,19,A
69344.198473,util,0.905026,19,A
69344.198473,pop,8.280606,19,A
69344.198473,thr,3.606365,19,A
69839.782859,rt,1.536940,19,B
69839.782859,wait,0.721882,19,B
69839.782859,util,0.769616,19,B
69839.782859,pop,1.834651,19,B
69839.782859,thr,1.194480,19,B
69847.609223,rt,3.743954,19,P
69847.609223,wait,3.037371,19,P
69847.609223,util,0.843414,19,P
69847.609223,pop,4.471502,19,P
69847.609223,thr,1.192317,19,P
69848.109689,rt,12.253616,19,System
69848.109689,pop,1631.513474,19,System
69848.109689,util,0.999848,19,System
69848.109689,thr,1.192506,19,System
72897.715154,rt,1.621958,20,A
72897.715154,wait,1.374609,20,A
72897.715154,util,0.856326,20,A
72897.715154,pop,5.635610,20,A
72897.715154,thr,3.457983,20,A
73360.490753,rt,1.516129,20,B
73360.490753,wait,0.703443,20,B
73360.490753,util,0.745436,20,B
73360.490753,pop,1.766152,20,B
73360.490753,thr,1.163402,20,B
73386.454934,rt,3.703605,20,P
73386.454934,wait,2.996504,20,P
73386.454934,util,0.817914,20,P
73386.454934,pop,4.281645,20,P
73386.454934,thr,1.157440,20,P
73393.851071,rt,10.990400,20,System
73393.851071,pop,1709.702432,20,System
73393.851071,util,0.999599,20,System
73393.851071,thr,1.155189,20,System
76397.625121,rt,2.168245,21,A
76397.625121,wait,1.917221,21,A
76397.625121,util,0.880954,21,A
76397.625121,pop,7.599431,21,A
76397.625121,thr,3.510947,21,A
76889.156472,rt,1.555607,21,B
76889.156472,wait,0.730920,21,B
76889.156472,util,0.756068,21,B
76889.156472,pop,1.803641,21,B
76889.156472,thr,1.160779,21,B
76891.748008,rt,3.688910,21,P
76891.748008,wait,2.985007,21,P
76891.748008,util,0.822029,21,P
76891.748008,pop,4.307979,21,P
76891.748008,thr,1.168519,21,P
76892.360076,rt,12.177126,21,System
76892.360076,pop,1801.270625,21,System
76892.360076,util,0.999955,21,System
76892.360076,thr,1.170784,21,System
79797.356633,rt,2.584247,22,A
79797.356633,wait,2.334453,22,A
79797.356633,util,0.902458,22,A
79797.356633,pop,9.327480,22,A
79797.356633,thr,3.614403,22,A
80337.231845,rt,1.464670,22,B
80337.231845,wait,0.687548,22,B
80337.231845,util,0.739904,22,B
80337.231845,pop,1.739471,22,B
80337.231845,thr,1.187909,22,B
80341.491639,rt,4.351382,22,P
80341.491639,wait,3.644601,22,P
80341.491639,util,0.838951,22,P
80341.491639,pop,5.165696,22,P
80341.491639,thr,1.187335,22,P
80342.930054,rt,12.163942,22,System
80342.930054,pop,1914.674176,22,System
80342.930054,util,0.999719,22,System
80342.930054,thr,1.187050,22,System
83186.888218,rt,1.683173,23,A
83186.888218,wait,1.437095,23,A
83186.888218,util,0.891474,23,A
83186.888218,pop,6.096538,23,A
83186.888218,thr,3.625280,23,A
83752.895220,rt,1.535410,23,B
83752.895220,wait,0.731760,23,B
83752.895220,util,0.761522,23,B
83752.895220,pop,1.841244,23,B
83752.895220,thr,1.199181,23,B
83756.670305,rt,4.805963,23,P
83756.670305,wait,4.094728,23,P
83756.670305,util,0.853096,23,P
83756.670305,pop,5.764125,23,P
83756.670305,thr,1.199352,23,P
83757.402669,rt,11.829568,23,System
83757.402669,pop,1995.325434,23,System
83757.402669,util,0.999981,23,System
83757.402669,thr,1.199600,23,System
86644.077528,rt,1.924321,24,A
86644.077528,wait,1.675583,24,A
86644.077528,util,0.884971,24,A
86644.077528,pop,6.851451,24,A
86644.077528,thr,3.554332,24,A
87238.012139,rt,1.550177,24,B
87238.012139,wait,0.725829,24,B
87238.012139,util,0.765144,24,B
87238.012139,pop,1.821090,24,B
87238.012139,thr,1.175283,24,B
87248.018302,rt,3.467660,24,P
87248.018302,wait,2.758392,24,P
87248.018302,util,0.833191,24,P
87248.018302,pop,4.076884,24,P
87248.018302,thr,1.173186,24,P
87248.374626,rt,10.499798,24,System
87248.374626,pop,2074.529143,24,System
87248.374626,util,0.999837,24,System
87248.374626,thr,1.173312,24,System
90156.046992,rt,2.151375,25,A
90156.046992,wait,1.898626,25,A
90156.046992,util,0.884052,25,A
90156.046992,pop,7.517589,25,A
90156.046992,thr,3.498891,25,A
90760.822686,rt,1.497533,25,B
90760.822686,wait,0.695898,25,B
90760.822686,util,0.745224,25,B
90760.822686,pop,1.742687,25,B
90760.822686,thr,1.162708,25,B
90775.887500,rt,4.773317,25,P
90775.887500,wait,4.063716,25,P
90775.887500,util,0.824804,25,P
90775.887500,pop,5.568470,25,P
90775.887500,thr,1.161041,25,P
90777.555524,rt,13.503294,25,System
90777.555524,pop,2168.731998,25,System
90777.555524,util,0.999988,25,System
90777.555524,thr,1.160609,25,System
93570.543400,rt,4.470979,26,A
93570.543400,wait,4.218056,26,A
93570.543400,util,0.909463,26,A
93570.543400,pop,16.087316,26,A
93570.543400,thr,3.598774,26,A
94174.216158,rt,1.519860,26,B
94174.216158,wait,0.711448,26,B
94174.216158,util,0.765410,26,B
94174.216158,pop,1.822342,26,B
94174.216158,thr,1.199979,26,B
94182.280777,rt,5.090108,26,P
94182.280777,wait,4.376444,26,P
94182.280777,util,0.856272,26,P
94182.280777,pop,6.086769,26,P
94182.280777,thr,1.202445,26,P
94183.348473,rt,20.285326,26,System
94183.348473,pop,2263.937900,26,System
94183.348473,util,0.999778,26,System
94183.348473,thr,1.202657,26,System
97010.141692,rt,2.213621,27,A
97010.141692,wait,1.963523,27,A
97010.141692,util,0.895316,27,A
97010.141692,pop,7.943770,27,A
97010.141692,thr,3.572510,27,A
97710.955632,rt,1.515721,27,B
97710.955632,wait,0.711115,27,B
97710.955632,util,0.738751,27,B
97710.955632,pop,1.755304,27,B
97710.955632,thr,1.158129,27,B
97720.877392,rt,3.978988,27,P
97720.877392,wait,3.270315,27,P
97720.877392,util,0.821166,27,P
97720.877392,pop,4.620724,27,P
97720.877392,thr,1.157521,27,P
97721.921583,rt,11.245710,27,System
97721.921583,pop,2327.516273,27,System
97721.921583,util,0.999980,27,System
97721.921583,thr,1.157529,27,System
100452.625798,rt,2.078083,28,A
100452.625798,wait,1.828646,28,A
100452.625798,util,0.888987,28,A
100452.625798,pop,7.384616,28,A
100452.625798,thr,3.569515,28,A
101151.264977,rt,1.505034,28,B
101151.264977,wait,0.706068,28,B
101151.264977,util,0.757248,28,B
101151.264977,pop,1.791754,28,B
101151.264977,thr,1.190591,28,B
101161.292415,rt,3.645609,28,P
101161.292415,wait,2.957766,28,P
101161.292415,util,0.818258,28,P
101161.292415,pop,4.326175,28,P
101161.292415,thr,1.190554,28,P
101162.606995,rt,11.020262,28,System
101162.606995,pop,2433.940658,28,System
101162.606995,util,0.999849,28,System
101162.606995,thr,1.190460,28,System
103978.863099,rt,2.008742,29,A
103978.863099,wait,1.756846,29,A
103978.863099,util,0.877550,29,A
103978.863099,pop,6.997644,29,A
103978.863099,thr,3.484734,29,A
104723.613215,rt,1.430849,29,B
104723.613215,wait,0.652969,29,B
104723.613215,util,0.722249,29,B
104723.613215,pop,1.640692,29,B
104723.613215,thr,1.146585,29,B
104730.016239,rt,3.590541,29,P
104730.016239,wait,2.886905,29,P
104730.016239,util,0.805945,29,P
104730.016239,pop,4.111167,29,P
104730.016239,thr,1.147749,29,P
104733.160360,rt,11.237194,29,System
104733.160360,pop,2510.052369,29,System
104733.160360,util,0.999354,29,System
104733.160360,thr,1.147161,29,System
107440.716360,rt,2.384762,30,A
107440.716360,wait,2.130786,30,A
107440.716360,util,0.901744,30,A
107440.716360,pop,8.467421,30,A
107440.716360,thr,3.549544,30,A
108174.386463,rt,1.519652,30,B
108174.386463,wait,0.719261,30,B
108174.386463,util,0.744577,30,B
108174.386463,pop,1.804615,30,B
108174.386463,thr,1.186980,30,B
108185.770969,rt,4.057622,30,P
108185.770969,wait,3.350744,30,P
108185.770969,util,0.840706,30,P
108185.770969,pop,4.840613,30,P
108185.770969,thr,1.185269,30,P
108186.009782,rt,12.821269,30,System
108186.009782,pop,2591.362340,30,System
108186.009782,util,0.999980,30,System
108186.009782,thr,1.186267,30,System
110862.580508,rt,1.816501,31,A
110862.580508,wait,1.567335,31,A
110862.580508,util,0.894582,31,A
110862.580508,pop,6.521866,31,A
110862.580508,thr,3.591025,31,A
111597.769665,rt,1.529518,31,B
111597.769665,wait,0.715758,31,B
111597.769665,util,0.767203,31,B
111597.769665,pop,1.828388,31,B
111597.769665,thr,1.196477,31,B
111600.867240,rt,3.676587,31,P
111600.867240,wait,2.983590,31,P
111600.867240,util,0.828212,31,P
111600.867240,pop,4.376805,31,P
111600.867240,thr,1.199381,31,P
111601.259745,rt,11.078068,31,System
111601.259745,pop,2658.028327,31,System
111601.259745,util,0.999862,31,System
111601.259745,thr,1.199327,31,System
114361.253219,rt,1.949370,32,A
114361.253219,wait,1.701000,32,A
114361.253219,util,0.871825,32,A
114361.253219,pop,6.843183,32,A
114361.253219,thr,3.512189,32,A
115132.487124,rt,1.497851,32,B
115132.487124,wait,0.694396,32,B
115132.487124,util,0.748638,32,B
115132.487124,pop,1.736283,32,B
115132.487124,thr,1.158791,32,B
115138.643918,rt,3.364716,32,P
115138.643918,wait,2.684085,32,P
115138.643918,util,0.787466,32,P
115138.643918,pop,3.894669,32,P
115138.643918,thr,1.157789,32,P
115139.796364,rt,9.954231,32,System
115139.796364,pop,2729.314865,32,System
115139.796364,util,0.999890,32,System
115139.796364,thr,1.157541,32,System
117787.614232,rt,1.953407,33,A
117787.614232,wait,1.704521,33,A
117787.614232,util,0.892972,33,A
117787.614232,pop,7.009033,33,A
117787.614232,thr,3.586312,33,A
118577.957739,rt,1.528448,33,B
118577.957739,wait,0.714568,33,B
118577.957739,util,0.755927,33,B
118577.957739,pop,1.816234,33,B
118577.957739,thr,1.188807,33,B
118591.126439,rt,5.003759,33,P
118591.126439,wait,4.293334,33,P
118591.126439,util,0.842768,33,P
118591.126439,pop,5.936348,33,P
118591.126439,thr,1.186393,33,P
118594.948693,rt,12.744478,33,System
118594.948693,pop,2818.124820,33,System
118594.948693,util,0.999916,33,System
118594.948693,thr,1.185476,33,System
121220.485567,rt,2.462935,34,A
121220.485567,wait,2.209474,34,A
121220.485567,util,0.907685,34,A
121220.485567,pop,8.820561,34,A
121220.485567,thr,3.579511,34,A
122031.125040,rt,1.494391,34,B
122031.125040,wait,0.700104,34,B
122031.125040,util,0.760501,34,B
122031.125040,pop,1.771091,34,B
122031.125040,thr,1.186157,34,B
122042.850578,rt,3.903724,34,P
122042.850578,wait,3.194569,34,P
122042.850578,util,0.842685,34,P
122042.850578,pop,4.644492,34,P
122042.850578,thr,1.186653,34,P
122043.891040,rt,12.586763,34,System
122043.891040,pop,2903.584411,34,System
122043.891040,util,0.999951,34,System
122043.891040,thr,1.187610,34,System
124637.970033,rt,1.719337,35,A
124637.970033,wait,1.472079,35,A
124637.970033,util,0.888268,35,A
124637.970033,pop,6.173958,35,A
124637.970033,thr,3.595627,35,A
125473.452863,rt,1.438916,35,B
125473.452863,wait,0.667251,35,B
125473.452863,util,0.739510,35,B
125473.452863,pop,1.711366,35,B
125473.452863,thr,1.189892,35,B
125484.865574,rt,3.802357,35,P
125484.865574,wait,3.109012,35,P
125484.865574,util,0.824449,35,P
125484.865574,pop,4.513735,35,P
125484.865574,thr,1.190001,35,P
125486.308153,rt,11.200131,35,System
125486.308153,pop,2966.585931,35,System
125486.308153,util,0.999904,35,System
125486.308153,thr,1.189862,35,System
128146.909741,rt,2.064781,36,A
128146.909741,wait,1.815459,36,A
128146.909741,util,0.875804,36,A
128146.909741,pop,7.323205,36,A
128146.909741,thr,3.501913,36,A
128964.291890,rt,1.478946,36,B
128964.291890,wait,0.687022,36,B
128964.291890,util,0.742060,36,B
128964.291890,pop,1.738562,36,B
128964.291890,thr,1.173357,36,B
128971.126347,rt,3.514046,36,P
128971.126347,wait,2.806079,36,P
128971.126347,util,0.832193,36,P
128971.126347,pop,4.132129,36,P
128971.126347,thr,1.174898,36,P
128971.672449,rt,10.919615,36,System
128971.672449,pop,3048.776719,36,System
128971.672449,util,0.999746,36,System
128971.672449,thr,1.175200,36,System
131533.458233,rt,2.253185,37,A
131533.458233,wait,2.005361,37,A
131533.458233,util,0.896856,37,A
131533.458233,pop,8.083959,37,A
131533.458233,thr,3.628473,37,A
132384.200560,rt,1.496289,37,B
132384.200560,wait,0.705918,37,B
132384.200560,util,0.752153,37,B
132384.200560,pop,1.788817,37,B
132384.200560,thr,1.197693,37,B
132400.782347,rt,4.210160,37,P
132400.782347,wait,3.501207,37,P
132400.782347,util,0.845200,37,P
132400.782347,pop,5.021069,37,P
132400.782347,thr,1.194289,37,P
132405.916902,rt,13.623574,37,System
132405.916902,pop,3149.523417,37,System
132405.916902,util,0.999991,37,System
132405.916902,thr,1.192693,37,System
134935.416012,rt,2.782806,38,A
134935.416012,wait,2.534033,38,A
134935.416012,util,0.898407,38,A
134935.416012,pop,10.047742,38,A
134935.416012,thr,3.612038,38,A
135845.976833,rt,1.476905,38,B
135845.976833,wait,0.686809,38,B
135845.976833,util,0.747004,38,B
135845.976833,pop,1.747074,38,B
135845.976833,thr,1.183208,38,B
135855.587256,rt,4.930700,38,P
135855.587256,wait,4.223799,38,P
135855.587256,util,0.838254,38,P
135855.587256,pop,5.846171,38,P
135855.587256,thr,1.185595,38,P
135860.901783,rt,13.276821,38,System
135860.901783,pop,3230.584934,38,System
135860.901783,util,0.999985,38,System
135860.901783,thr,1.185533,38,System
138359.351583,rt,2.288482,39,A
138359.351583,wait,2.040838,39,A
138359.351583,util,0.888322,39,A
138359.351583,pop,8.210189,39,A
138359.351583,thr,3.588853,39,A
139291.659188,rt,1.569482,39,B
139291.659188,wait,0.743189,39,B
139291.659188,util,0.766755,39,B
139291.659188,pop,1.866376,39,B
139291.659188,thr,1.188734,39,B
139293.592391,rt,3.663965,39,P
139293.592391,wait,2.986501,39,P
139293.592391,util,0.807034,39,P
139293.592391,pop,4.365000,39,P
139293.592391,thr,1.191389,39,P
139293.638905,rt,13.515716,39,System
139293.638905,pop,3316.277476,39,System
139293.638905,util,0.999915,39,System
139293.638905,thr,1.193217,39,System
141845.773130,rt,2.202842,40,A
141845.773130,wait,1.953167,40,A
141845.773130,util,0.880199,40,A
141845.773130,pop,7.765631,40,A
141845.773130,thr,3.524531,40,A
142796.631344,rt,1.531770,40,B
142796.631344,wait,0.714400,40,B
142796.631344,util,0.759751,40,B
142796.631344,pop,1.789062,40,B
142796.631344,thr,1.168626,40,B
142807.788137,rt,4.427591,40,P
142807.788137,wait,3.702038,40,P
142807.788137,util,0.848899,40,P
142807.788137,pop,5.202757,40,P
142807.788137,thr,1.165558,40,P
142808.711676,rt,12.041539,40,System
142808.711676,pop,3418.699522,40,System
142808.711676,util,0.999975,40,System
142808.711676,thr,1.165267,40,System
145281.528917,rt,2.487931,41,A
145281.528917,wait,2.232177,41,A
145281.528917,util,0.915053,41,A
145281.528917,pop,8.903352,41,A
145281.528917,thr,3.576506,41,A
146239.496733,rt,1.489108,41,B
146239.496733,wait,0.689701,41,B
146239.496733,util,0.762776,41,B
146239.496733,pop,1.772108,41,B
146239.496733,thr,1.189707,41,B
146246.336516,rt,4.548384,41,P
146246.336516,wait,3.836756,41,P
146246.336516,util,0.844879,41,P
146246.336516,pop,5.378316,41,P
146246.336516,thr,1.191200,41,P
146246.787199,rt,13.583642,41,System
146246.787199,pop,3504.016571,41,System
146246.787199,util,0.999966,41,System
146246.787199,thr,1.191364,41,System
148716.790635,rt,1.958419,42,A
148716.790635,wait,1.708660,42,A
148716.790635,util,0.893806,42,A
148716.790635,pop,7.007132,42,A
148716.790635,thr,3.577020,42,A
149743.149927,rt,1.512843,42,B
149743.149927,wait,0.701885,42,B
149743.149927,util,0.755527,42,B
149743.149927,pop,1.768299,42,B
149743.149927,thr,1.169065,42,B
149744.576615,rt,3.926483,42,P
149744.576615,wait,3.224722,42,P
149744.576615,util,0.820743,42,P
149744.576615,pop,4.591612,42,P
149744.576615,thr,1.170874,42,P
149745.140451,rt,10.215097,42,System
149745.140451,pop,3586.085846,42,System
149745.140451,util,0.999833,42,System
149745.140451,thr,1.170837,42,System
152246.235208,rt,1.688620,43,A
152246.235208,wait,1.441831,43,A
152246.235208,util,0.858307,43,A
152246.235208,pop,5.870568,43,A
152246.235208,thr,3.481568,43,A
153330.935661,rt,1.493079,43,B
153330.935661,wait,0.688121,43,B
153330.935661,util,0.745989,43,B
153330.935661,pop,1.706092,43,B
153330.935661,thr,1.141651,43,B
153336.826131,rt,3.309083,43,P
153336.826131,wait,2.600154,43,P
153336.826131,util,0.809022,43,P
153336.826131,pop,3.777142,43,P
153336.826131,thr,1.140233,43,P
153336.850763,rt,9.704985,43,System
153336.850763,pop,3653.920190,43,System
153336.850763,util,0.999853,43,System
153336.850763,thr,1.140404,43,System
155756.489108,rt,2.465209,44,A
155756.489108,wait,2.215058,44,A
155756.489108,util,0.876301,44,A
155756.489108,pop,8.642754,44,A
155756.489108,thr,3.500601,44,A
156799.294540,rt,1.512212,44,B
156799.294540,wait,0.714590,44,B
156799.294540,util,0.744071,44,B
156799.294540,pop,1.784775,44,B
156799.294540,thr,1.180962,44,B
156805.823078,rt,4.013682,44,P
156805.823078,wait,3.329600,44,P
156805.823078,util,0.807913,44,P
156805.823078,pop,4.742273,44,P
156805.823078,thr,1.180745,44,P
156806.394519,rt,13.990574,44,System
156806.394519,pop,3744.705582,44,System
156806.394519,util,0.999999,44,System
156806.394519,thr,1.180559,44,System
159187.594072,rt,2.347900,45,A
159187.594072,wait,2.097456,45,A
159187.594072,util,0.895845,45,A
159187.594072,pop,8.392203,45,A
159187.594072,thr,3.581354,45,A
160317.552761,rt,1.530011,45,B
160317.552761,wait,0.715353,45,B
160317.552761,util,0.758674,45,B
160317.552761,pop,1.779808,45,B
160317.552761,thr,1.164212,45,B
160318.941330,rt,3.578622,45,P
160318.941330,wait,2.884334,45,P
160318.941330,util,0.808053,45,P
160318.941330,pop,4.162811,45,P
160318.941330,thr,1.165916,45,P
160319.148199,rt,10.758455,45,System
160319.148199,pop,3846.773471,45,System
160319.148199,util,0.999875,45,System
160319.148199,thr,1.166037,45,System
162655.804748,rt,2.297356,46,A
162655.804748,wait,2.046885,46,A
162655.804748,util,0.888025,46,A
162655.804748,pop,8.143605,46,A
162655.804748,thr,3.543037,46,A
163772.505117,rt,1.444841,46,B
163772.505117,wait,0.665622,46,B
163772.505117,util,0.735818,46,B
163772.505117,pop,1.713203,46,B
163772.505117,thr,1.185545,46,B
163774.551843,rt,3.570857,46,P
163774.551843,wait,2.882523,46,P
163774.551843,util,0.816158,46,P
163774.551843,pop,4.232903,46,P
163774.551843,thr,1.185319,46,P
163774.591365,rt,12.865394,46,System
163774.591365,pop,3941.761270,46,System
163774.591365,util,0.999826,46,System
163774.591365,thr,1.185376,46,System
166101.938318,rt,2.233332,47,A
166101.938318,wait,1.980967,47,A
166101.938318,util,0.899257,47,A
166101.938318,pop,7.959321,47,A
166101.938318,thr,3.565735,47,A
167254.948189,rt,1.514566,47,B
167254.948189,wait,0.706202,47,B
167254.948189,util,0.755082,47,B
167254.948189,pop,1.781409,47,B
167254.948189,thr,1.176186,47,B
167256.080352,rt,4.151909,47,P
167256.080352,wait,3.443982,47,P
167256.080352,util,0.832424,47,P
167256.080352,pop,4.884186,47,P
167256.080352,thr,1.176495,47,P
167256.096079,rt,12.616644,47,System
167256.096079,pop,4017.374923,47,System
167256.096079,util,0.999850,47,System
167256.096079,thr,1.176503,47,System
169539.270829,rt,2.195441,48,A
169539.270829,wait,1.949425,48,A
169539.270829,util,0.879501,48,A
169539.270829,pop,7.848289,48,A
169539.270829,thr,3.574865,48,A
170709.987540,rt,1.468053,48,B
170709.987540,wait,0.680572,48,B
170709.987540,util,0.748678,48,B
170709.987540,pop,1.740402,48,B
170709.987540,thr,1.185515,48,B
170717.846781,rt,3.940160,48,P
170717.846781,wait,3.239873,48,P
170717.846781,util,0.829182,48,P
170717.846781,pop,4.666392,48,P
170717.846781,thr,1.183211,48,P
170718.903166,rt,11.369784,48,System
170718.903166,pop,4104.244777,48,System
170718.903166,util,0.999932,48,System
170718.903166,thr,1.182855,48,System
172963.352753,rt,2.243987,49,A
172963.352753,wait,1.994378,49,A
172963.352753,util,0.895575,49,A
172963.352753,pop,8.052600,49,A
172963.352753,thr,3.588699,49,A
174208.716592,rt,1.539303,49,B
174208.716592,wait,0.726169,49,B
174208.716592,util,0.756529,49,B
174208.716592,pop,1.801955,49,B
174208.716592,thr,1.170711,49,B
174213.493919,rt,3.528979,49,P
174213.493919,wait,2.834292,49,P
174213.493919,util,0.813356,49,P
174213.493919,pop,4.130669,49,P
174213.493919,thr,1.171743,49,P
174216.967886,rt,11.893049,49,System
174216.967886,pop,4180.781212,49,System
174216.967886,util,0.999652,49,System
174216.967886,thr,1.170933,49,System
176480.900051,rt,1.946626,50,A
176480.900051,wait,1.696400,50,A
176480.900051,util,0.874727,50,A
176480.900051,pop,6.805313,50,A
176480.900051,thr,3.493343,50,A
177661.965442,rt,1.542804,50,B
177661.965442,wait,0.726673,50,B
177661.965442,util,0.763825,50,B
177661.965442,pop,1.829163,50,B
177661.965442,thr,1.186129,50,B
177672.421859,rt,3.349058,50,P
177672.421859,wait,2.645849,50,P
177672.421859,util,0.832696,50,P
177672.421859,pop,3.965863,50,P
177672.421859,thr,1.184182,50,P
177673.113642,rt,11.152948,50,System
177673.113642,pop,4254.865253,50,System
177673.113642,util,0.999932,50,System
177673.113642,thr,1.185135,50,System
179932.395010,rt,2.366943,51,A
179932.395010,wait,2.114808,51,A
179932.395010,util,0.897225,51,A
179932.395010,pop,8.422719,51,A
179932.395010,thr,3.560196,51,A
181218.592638,rt,1.486251,51,B
181218.592638,wait,0.685376,51,B
181218.592638,util,0.736492,51,B
181218.592638,pop,1.711936,51,B
181218.592638,thr,1.151653,51,B
181220.884862,rt,3.178337,51,P
181220.884862,wait,2.492029,51,P
181220.884862,util,0.792185,51,P
181220.884862,pop,3.668696,51,P
181220.884862,thr,1.154303,51,P
181220.924036,rt,10.653151,51,System
181220.924036,pop,4350.833373,51,System
181220.924036,util,0.999673,51,System
181220.924036,thr,1.154515,51,System
183431.464966,rt,2.122850,52,A
183431.464966,wait,1.874077,52,A
183431.464966,util,0.873510,52,A
183431.464966,pop,7.454140,52,A
183431.464966,thr,3.511790,52,A
184650.266804,rt,1.493209,52,B
184650.266804,wait,0.690441,52,B
184650.266804,util,0.757480,52,B
184650.266804,pop,1.781876,52,B
184650.266804,thr,1.193587,52,B
184654.321006,rt,3.554947,52,P
184654.321006,wait,2.878301,52,P
184654.321006,util,0.806874,52,P
184654.321006,pop,4.239926,52,P
184654.321006,thr,1.192974,52,P
184657.057112,rt,12.187261,52,System
184657.057112,pop,4430.140622,52,System
184657.057112,util,0.999794,52,System
184657.057112,thr,1.192038,52,System
186876.424446,rt,2.259100,53,A
186876.424446,wait,2.006426,53,A
186876.424446,util,0.902387,53,A
186876.424446,pop,8.070487,53,A
186876.424446,thr,3.566951,53,A
188174.365207,rt,1.491022,53,B
188174.365207,wait,0.696766,53,B
188174.365207,util,0.736842,53,B
188174.365207,pop,1.733212,53,B
188174.365207,thr,1.162283,53,B
188175.031516,rt,3.929272,53,P
188175.031516,wait,3.225886,53,P
188175.031516,util,0.818146,53,P
188175.031516,pop,4.571137,53,P
188175.031516,thr,1.163402,53,P
188175.200153,rt,14.829365,53,System
188175.200153,pop,4524.552531,53,System
188175.200153,util,0.999843,53,System
188175.200153,thr,1.164251,53,System
190300.027244,rt,3.869053,54,A
190300.027244,wait,3.614417,54,A
190300.027244,util,0.912977,54,A
190300.027244,pop,13.874951,54,A
190300.027244,thr,3.589201,54,A
191587.910115,rt,1.493464,54,B
191587.910115,wait,0.707217,54,B
191587.910115,util,0.749147,54,B
191587.910115,pop,1.792090,54,B
191587.910115,thr,1.199926,54,B
191595.242147,rt,3.785491,54,P
191595.242147,wait,3.087685,54,P
191595.242147,util,0.836244,54,P
191595.242147,pop,4.536334,54,P
191595.242147,thr,1.197587,54,P
191597.366558,rt,13.770672,54,System
191597.366558,pop,4616.206433,54,System
191597.366558,util,0.999941,54,System
191597.366558,thr,1.196903,54,System
193734.520380,rt,2.150491,55,A
193734.520380,wait,1.899718,55,A
193734.520380,util,0.897121,55,A
193734.520380,pop,7.693030,55,A
193734.520380,thr,3.577821,55,A
195023.011965,rt,1.468838,55,B
195023.011965,wait,0.687241,55,B
195023.011965,util,0.748331,55,B
195023.011965,pop,1.750122,55,B
195023.011965,thr,1.192396,55,B
195028.614744,rt,3.834712,55,P
195028.614744,wait,3.130998,55,P
195028.614744,util,0.839791,55,P
195028.614744,pop,4.577052,55,P
195028.614744,thr,1.192996,55,P
195029.300747,rt,11.642974,55,System
195029.300747,pop,4695.837880,55,System
195029.300747,util,0.999939,55,System
195029.300747,thr,1.193496,55,System
197137.136545,rt,1.744067,56,A
197137.136545,wait,1.497642,56,A
197137.136545,util,0.890809,56,A
197137.136545,pop,6.311486,56,A
197137.136545,thr,3.611339,56,A
198551.800302,rt,1.475831,56,B
198551.800302,wait,0.689117,56,B
198551.800302,util,0.732079,56,B
198551.800302,pop,1.715170,56,B
198551.800302,thr,1.160738,56,B
198552.473808,rt,3.640565,56,P
198552.473808,wait,2.931371,56,P
198552.473808,util,0.823377,56,P
198552.473808,pop,4.226321,56,P
198552.473808,thr,1.162362,56,P
198552.647719,rt,10.035794,56,System
198552.647719,pop,4765.966945,56,System
198552.647719,util,0.999638,56,System
198552.647719,thr,1.162531,56,System
200693.639446,rt,1.723351,57,A
200693.639446,wait,1.472309,57,A
200693.639446,util,0.867066,57,A
200693.639446,pop,5.951640,57,A
200693.639446,thr,3.455079,57,A
201995.909584,rt,1.494817,57,B
201995.909584,wait,0.694770,57,B
201995.909584,util,0.745381,57,B
201995.909584,pop,1.776504,57,B
201995.909584,thr,1.189277,57,B
202018.856928,rt,3.382434,57,P
202018.856928,wait,2.698975,57,P
202018.856928,util,0.811206,57,P
202018.856928,pop,4.047976,57,P
202018.856928,thr,1.181635,57,P
202022.549199,rt,12.019027,57,System
202022.549199,pop,4843.162229,57,System
202022.549199,util,0.999929,57,System
202022.549199,thr,1.180437,57,System
204140.731563,rt,2.583911,58,A
204140.731563,wait,2.335656,58,A
204140.731563,util,0.884428,58,A
204140.731563,pop,9.201188,58,A
204140.731563,thr,3.564744,58,A
205533.549715,rt,1.443377,58,B
205533.549715,wait,0.659181,58,B
205533.549715,util,0.735636,58,B
205533.549715,pop,1.670777,58,B
205533.549715,thr,1.157834,58,B
205541.559680,rt,4.079320,58,P
205541.559680,wait,3.365530,58,P
205541.559680,util,0.827167,58,P
205541.559680,pop,4.697713,58,P
205541.559680,thr,1.162744,58,P
205542.551817,rt,12.871847,58,System
205542.551817,pop,4921.700224,58,System
205542.551817,util,0.999762,58,System
205542.551817,thr,1.163635,58,System
207542.526633,rt,2.971110,59,A
207542.526633,wait,2.715317,59,A
207542.526633,util,0.923433,59,A
207542.526633,pop,10.729625,59,A
207542.526633,thr,3.612211,59,A
209004.619580,rt,1.496468,59,B
209004.619580,wait,0.708335,59,B
209004.619580,util,0.737330,59,B
209004.619580,pop,1.764842,59,B
209004.619580,thr,1.180040,59,B
209018.842964,rt,3.531670,59,P
209018.842964,wait,2.841103,59,P
209018.842964,util,0.812482,59,P
209018.842964,pop,4.152699,59,P
209018.842964,thr,1.177931,59,P
209023.347045,rt,12.292026,59,System
209023.347045,pop,4997.487130,59,System
209023.347045,util,0.999791,59,System
209023.347045,thr,1.176743,59,System
211045.035614,rt,2.059664,60,A
211045.035614,wait,1.810274,60,A
211045.035614,util,0.875025,60,A
211045.035614,pop,7.226389,60,A
211045.035614,thr,3.508342,60,A
212444.876741,rt,1.529775,60,B
212444.876741,wait,0.716340,60,B
212444.876741,util,0.760259,60,B
212444.876741,pop,1.821276,60,B
212444.876741,thr,1.190609,60,B
212461.077754,rt,3.513828,60,P
212461.077754,wait,2.824331,60,P
212461.077754,util,0.823428,60,P
212461.077754,pop,4.225099,60,P
212461.077754,thr,1.189925,60,P
212461.114300,rt,12.125635,60,System
212461.114300,pop,5059.740694,60,System
212461.114300,util,0.999964,60,System
212461.114300,thr,1.191471,60,System
214465.346864,rt,2.375753,61,A
214465.346864,wait,2.130196,61,A
214465.346864,util,0.886311,61,A
214465.346864,pop,8.691999,61,A
214465.346864,thr,3.592655,61,A
215920.630702,rt,1.460049,61,B
215920.630702,wait,0.682264,61,B
215920.630702,util,0.740000,61,B
215920.630702,pop,1.720450,61,B
215920.630702,thr,1.178449,61,B
215933.958869,rt,5.219895,61,P
215933.958869,wait,4.517615,61,P
215933.958869,util,0.826141,61,P
215933.958869,pop,6.118404,61,P
215933.958869,thr,1.179424,61,P
215934.796898,rt,13.613519,61,System
215934.796898,pop,5117.345362,61,System
215934.796898,util,0.999957,61,System
215934.796898,thr,1.179152,61,System
217953.235801,rt,1.715330,62,A
217953.235801,wait,1.466310,62,A
217953.235801,util,0.873898,62,A
217953.235801,pop,5.893961,62,A
217953.235801,thr,3.523048,62,A
219383.223993,rt,1.484446,62,B
219383.223993,wait,0.697368,62,B
219383.223993,util,0.737811,62,B
219383.223993,pop,1.756305,62,B
219383.223993,thr,1.182928,62,B
219394.751151,rt,4.102110,62,P
219394.751151,wait,3.395153,62,P
219394.751151,util,0.835367,62,P
219394.751151,pop,4.848075,62,P
219394.751151,thr,1.183544,62,P
219397.390848,rt,12.660099,62,System
219397.390848,pop,5183.762492,62,System
219397.390848,util,0.999989,62,System
219397.390848,thr,1.182928,62,System
221413.226615,rt,2.580377,63,A
221413.226615,wait,2.327979,63,A
221413.226615,util,0.896886,63,A
221413.226615,pop,9.180120,63,A
221413.226615,thr,3.551455,63,A
222857.953881,rt,1.466898,63,B
222857.953881,wait,0.680474,63,B
222857.953881,util,0.744885,63,B
222857.953881,pop,1.728508,63,B
222857.953881,thr,1.178797,63,B
222865.986815,rt,4.180068,63,P
222865.986815,wait,3.466392,63,P
222865.986815,util,0.842121,63,P
222865.986815,pop,4.932406,63,P
222865.986815,thr,1.179983,63,P
222867.144042,rt,11.048138,63,System
222867.144042,pop,5269.525691,63,System
222867.144042,util,0.999928,63,System
222867.144042,thr,1.180487,63,System
224823.260682,rt,1.819613,64,A
224823.260682,wait,1.576207,64,A
224823.260682,util,0.876729,64,A
224823.260682,pop,6.541535,64,A
224823.260682,thr,3.603483,64,A
226345.701864,rt,1.492481,64,B
226345.701864,wait,0.696205,64,B
226345.701864,util,0.743717,64,B
226345.701864,pop,1.753281,64,B
226345.701864,thr,1.174397,64,B
226365.167311,rt,3.320058,64,P
226365.167311,wait,2.634597,64,P
226365.167311,util,0.807349,64,P
226365.167311,pop,3.971590,64,P
226365.167311,thr,1.170560,64,P
226365.557007,rt,10.222223,64,System
226365.557007,pop,5348.087021,64,System
226365.557007,util,0.999962,64,System
226365.557007,thr,1.170817,64,System
228322.947820,rt,2.018450,65,A
228322.947820,wait,1.766310,65,A
228322.947820,util,0.884423,65,A
228322.947820,pop,7.078494,65,A
228322.947820,thr,3.511171,65,A
229825.914369,rt,1.462784,65,B
229825.914369,wait,0.679724,65,B
229825.914369,util,0.739743,65,B
229825.914369,pop,1.722546,65,B
229825.914369,thr,1.176940,65,B
229832.206322,rt,3.877127,65,P
229832.206322,wait,3.174695,65,P
229832.206322,util,0.825565,65,P
229832.206322,pop,4.496388,65,P
229832.206322,thr,1.181412,65,P
229832.245716,rt,12.067479,65,System
229832.245716,pop,5422.083593,65,System
229832.245716,util,0.999599,65,System
229832.245716,thr,1.181531,65,System
231770.386752,rt,2.329324,66,A
231770.386752,wait,2.077929,66,A
231770.386752,util,0.896093,66,A
231770.386752,pop,8.302699,66,A
231770.386752,thr,3.564385,66,A
233317.663722,rt,1.486394,66,B
233317.663722,wait,0.687001,66,B
233317.663722,util,0.750318,66,B
233317.663722,pop,1.741592,66,B
233317.663722,thr,1.173051,66,B
233318.775923,rt,3.986021,66,P
233318.775923,wait,3.280687,66,P
233318.775923,util,0.827503,66,P
233318.775923,pop,4.674185,66,P
233318.775923,thr,1.174794,66,P
233319.013849,rt,12.004211,66,System
233319.013849,pop,5494.324925,66,System
233319.013849,util,0.999896,66,System
233319.013849,thr,1.174727,66,System
235212.180321,rt,2.092619,67,A
235212.180321,wait,1.842884,67,A
235212.180321,util,0.892391,67,A
235212.180321,pop,7.476688,67,A
235212.180321,thr,3.570232,67,A
236832.869281,rt,1.494051,67,B
236832.869281,wait,0.701192,67,B
236832.869281,util,0.731709,67,B
236832.869281,pop,1.740865,67,B
236832.869281,thr,1.165223,67,B
236839.772387,rt,3.916735,67,P
236839.772387,wait,3.213622,67,P
236839.772387,util,0.818925,67,P
236839.772387,pop,4.562342,67,P
236839.772387,thr,1.163307,67,P
236840.367156,rt,11.652685,67,System
236840.367156,pop,5574.559184,67,System
236840.367156,util,0.999743,67,System
236840.367156,thr,1.163189,67,System
238728.802420,rt,1.672283,68,A
238728.802420,wait,1.424442,68,A
238728.802420,util,0.865215,68,A
238728.802420,pop,5.836530,68,A
238728.802420,thr,3.494262,68,A
240296.837579,rt,1.477213,68,B
240296.837579,wait,0.682795,68,B
240296.837579,util,0.753304,68,B
240296.837579,pop,1.747253,68,B
240296.837579,thr,1.182459,68,B
240317.379571,rt,4.347557,68,P
240317.379571,wait,3.645221,68,P
240317.379571,util,0.826510,68,P
240317.379571,pop,5.114571,68,P
240317.379571,thr,1.177821,68,P
240321.906426,rt,11.081343,68,System
240321.906426,pop,5652.177714,68,System
240321.906426,util,0.999900,68,System
240321.906426,thr,1.176491,68,System
242177.461256,rt,2.043396,69,A
242177.461256,wait,1.797430,69,A
242177.461256,util,0.877473,69,A
242177.461256,pop,7.313226,69,A
242177.461256,thr,3.563124,69,A
243799.726284,rt,1.478602,69,B
243799.726284,wait,0.682526,69,B
243799.726284,util,0.749120,69,B
243799.726284,pop,1.729636,69,B
243799.726284,thr,1.169321,69,B
243801.399486,rt,3.763386,69,P
243801.399486,wait,3.074920,69,P
243801.399486,util,0.808937,69,P
243801.399486,pop,4.423227,69,P
243801.399486,thr,1.175653,69,P
243802.182868,rt,11.899841,69,System
243802.182868,pop,5731.348087,69,System
243802.182868,util,0.999797,69,System
243802.182868,thr,1.176918,69,System
245577.792351,rt,2.411685,70,A
245577.792351,wait,2.162607,70,A
245577.792351,util,0.899874,70,A
245577.792351,pop,8.701529,70,A
245577.792351,thr,3.613766,70,A
247242.361659,rt,1.505040,70,B
247242.361659,wait,0.698383,70,B
247242.361659,util,0.759125,70,B
247242.361659,pop,1.791630,70,B
247242.361659,thr,1.189786,70,B
247245.702682,rt,3.686921,70,P
247245.702682,wait,2.973162,70,P
247245.702682,util,0.849255,70,P
247245.702682,pop,4.386106,70,P
247245.702682,thr,1.189210,70,P
247246.054868,rt,11.471116,70,System
247246.054868,pop,5786.752763,70,System
247246.054868,util,0.999982,70,System
247246.054868,thr,1.189359,70,System
249120.491175,rt,1.868536,71,A
249120.491175,wait,1.616671,71,A
249120.491175,util,0.872585,71,A
249120.491175,pop,6.460600,71,A
249120.491175,thr,3.468542,71,A
250738.710810,rt,1.477797,71,B
250738.710810,wait,0.688528,71,B
250738.710810,util,0.747090,71,B
250738.710810,pop,1.731592,71,B
250738.710810,thr,1.171508,71,B
250742.794428,rt,4.178779,71,P
250742.794428,wait,3.479741,71,P
250742.794428,util,0.818196,71,P
250742.794428,pop,4.892580,71,P
250742.794428,thr,1.171259,71,P
250743.286234,rt,11.999959,71,System
250743.286234,pop,5854.854027,71,System
250743.286234,util,0.999873,71,System
250743.286234,thr,1.171212,71,System
252540.043846,rt,1.937756,72,A
252540.043846,wait,1.687948,72,A
252540.043846,util,0.897192,72,A
252540.043846,pop,6.961430,72,A
252540.043846,thr,3.593452,72,A
254218.815939,rt,1.557470,72,B
254218.815939,wait,0.730964,72,B
254218.815939,util,0.764369,72,B
254218.815939,pop,1.830695,72,B
254218.815939,thr,1.176976,72,B
254228.027211,rt,3.728075,72,P
254228.027211,wait,3.027009,72,P
254228.027211,util,0.825168,72,P
254228.027211,pop,4.387490,72,P
254228.027211,thr,1.175244,72,P
254228.527590,rt,10.916655,72,System
254228.527590,pop,5935.207379,72,System
254228.527590,util,0.999937,72,System
254228.527590,thr,1.175241,72,System
255923.881276,rt,2.177154,73,A
255923.881276,wait,1.926270,73,A
255923.881276,util,0.911746,73,A
255923.881276,pop,7.913032,73,A
255923.881276,thr,3.631380,73,A
257660.953043,rt,1.521056,73,B
257660.953043,wait,0.715571,73,B
257660.953043,util,0.747313,73,B
257660.953043,pop,1.809415,73,B
257660.953043,thr,1.189958,73,B
257664.450947,rt,4.153903,73,P
257664.450947,wait,3.441172,73,P
257664.450947,util,0.847915,73,P
257664.450947,pop,4.941725,73,P
257664.450947,thr,1.191937,73,P
257664.648104,rt,11.862447,73,System
257664.648104,pop,6029.441665,73,System
257664.648104,util,0.999874,73,System
257664.648104,thr,1.192042,73,System
259404.698523,rt,1.947379,74,A
259404.698523,wait,1.696908,74,A
259404.698523,util,0.884323,74,A
259404.698523,pop,6.875670,74,A
259404.698523,thr,3.530205,74,A
261089.805468,rt,1.538581,74,B
261089.805468,wait,0.728664,74,B
261089.805468,util,0.759435,74,B
261089.805468,pop,1.839051,74,B
261089.805468,thr,1.194569,74,B
261108.710598,rt,3.806867,74,P
261108.710598,wait,3.105961,74,P
261108.710598,util,0.837868,74,P
261108.710598,pop,4.629137,74,P
261108.710598,thr,1.189225,74,P
261108.803402,rt,12.313247,74,System
261108.803402,pop,6121.265161,74,System
261108.803402,util,0.999881,74,System
261108.803402,thr,1.189261,74,System
262764.105640,rt,2.980384,75,A
262764.105640,wait,2.731058,75,A
262764.105640,util,0.913618,75,A
262764.105640,pop,10.945272,75,A
262764.105640,thr,3.657788,75,A
264461.350581,rt,1.535162,75,B
264461.350581,wait,0.725845,75,B
264461.350581,util,0.775761,75,B
264461.350581,pop,1.864665,75,B
264461.350581,thr,1.214873,75,B
264468.282141,rt,4.263235,75,P
264468.282141,wait,3.567658,75,P
264468.282141,util,0.843170,75,P
264468.282141,pop,5.091449,75,P
264468.282141,thr,1.219203,75,P
264468.330087,rt,16.448582,75,System
264468.330087,pop,6210.775291,75,System
264468.330087,util,0.999954,75,System
264468.330087,thr,1.219219,75,System
266188.526758,rt,2.952426,76,A
266188.526758,wait,2.701083,76,A
266188.526758,util,0.899582,76,A
266188.526758,pop,10.541504,76,A
266188.526758,thr,3.588344,76,A
267994.589379,rt,1.512718,76,B
267994.589379,wait,0.711129,76,B
267994.589379,util,0.737294,76,B
267994.589379,pop,1.751793,76,B
267994.589379,thr,1.159276,76,B
267997.796915,rt,4.045898,76,P
267997.796915,wait,3.348649,76,P
267997.796915,util,0.809131,76,P
267997.796915,pop,4.695297,76,P
267997.796915,thr,1.160499,76,P
267998.620856,rt,10.886083,76,System
267998.620856,pop,6288.978129,76,System
267998.620856,util,0.999969,76,System
267998.620856,thr,1.160244,76,System
269713.879312,rt,1.488002,77,A
269713.879312,wait,1.243032,77,A
269713.879312,util,0.854061,77,A
269713.879312,pop,5.188438,77,A
269713.879312,thr,3.485609,77,A
271450.407725,rt,1.452270,77,B
271450.407725,wait,0.666279,77,B
271450.407725,util,0.745908,77,B
271450.407725,pop,1.720873,77,B
271450.407725,thr,1.185247,77,B
271466.709706,rt,4.278389,77,P
271466.709706,wait,3.575123,77,P
271466.709706,util,0.831259,77,P
271466.709706,pop,5.058412,77,P
271466.709706,thr,1.180773,77,P
271471.529122,rt,12.017900,77,System
271471.529122,pop,6354.530244,77,System
271471.529122,util,0.999805,77,System
271471.529122,thr,1.179415,77,System
273106.260730,rt,2.162044,78,A
273106.260730,wait,1.913072,78,A
273106.260730,util,0.901892,78,A
273106.260730,pop,7.832340,78,A
273106.260730,thr,3.622234,78,A
274938.086061,rt,1.478991,78,B
274938.086061,wait,0.686338,78,B
274938.086061,util,0.742137,78,B
274938.086061,pop,1.738270,78,B
274938.086061,thr,1.174420,78,B
274952.312340,rt,4.353613,78,P
274952.312340,wait,3.655305,78,P
274952.312340,util,0.821840,78,P
274952.312340,pop,5.144798,78,P
274952.312340,thr,1.175120,78,P
274953.878864,rt,11.667148,78,System
274953.878864,pop,6438.278129,78,System
274953.878864,util,0.999821,78,System
274953.878864,thr,1.176217,78,System
276588.905930,rt,2.023248,79,A
276588.905930,wait,1.772458,79,A
276588.905930,util,0.884681,79,A
276588.905930,pop,7.137818,79,A
276588.905930,thr,3.528353,79,A
278407.741167,rt,1.538312,79,B
278407.741167,wait,0.730043,79,B
278407.741167,util,0.756602,79,B
278407.741167,pop,1.815118,79,B
278407.741167,thr,1.180521,79,B
278422.110242,rt,4.172046,79,P
278422.110242,wait,3.474597,79,P
278422.110242,util,0.820721,79,P
278422.110242,pop,4.881731,79,P
278422.110242,thr,1.180472,79,P
278424.815570,rt,11.767149,79,System
278424.815570,pop,6526.739271,79,System
278424.815570,util,0.999780,79,System
278424.815570,thr,1.180085,79,System
280043.693638,rt,2.264518,80,A
280043.693638,wait,2.014441,80,A
280043.693638,util,0.890507,80,A
280043.693638,pop,8.066928,80,A
280043.693638,thr,3.556803,80,A
281925.649798,rt,1.496247,80,B
281925.649798,wait,0.693227,80,B
281925.649798,util,0.742879,80,B
281925.649798,pop,1.742047,80,B
281925.649798,thr,1.164328,80,B
281928.059085,rt,4.679973,80,P
281928.059085,wait,3.955615,80,P
281928.059085,util,0.845621,80,P
281928.059085,pop,5.465163,80,P
281928.059085,thr,1.168300,80,P
281928.183512,rt,14.029362,80,System
281928.183512,pop,6622.246818,80,System
281928.183512,util,0.999750,80,System
281928.183512,thr,1.169161,80,System
283524.761813,rt,2.274305,81,A
283524.761813,wait,2.024573,81,A
283524.761813,util,0.880671,81,A
283524.761813,pop,8.017874,81,A
283524.761813,thr,3.529951,81,A
285381.980143,rt,1.505786,81,B
285381.980143,wait,0.700938,81,B
285381.980143,util,0.745572,81,B
285381.980143,pop,1.784966,81,B
285381.980143,thr,1.185072,81,B
285398.745102,rt,3.446529,81,P
285398.745102,wait,2.766098,81,P
285398.745102,util,0.806717,81,P
285398.745102,pop,4.140637,81,P
285398.745102,thr,1.180170,81,P
285398.995155,rt,11.307295,81,System
285398.995155,pop,6698.060063,81,System
285398.995155,util,0.999943,81,System
285398.995155,thr,1.180127,81,System
286941.588309,rt,2.332235,82,A
286941.588309,wait,2.081051,82,A
286941.588309,util,0.903292,82,A
286941.588309,pop,8.384151,82,A
286941.588309,thr,3.596320,82,A
288882.124534,rt,1.498118,82,B
288882.124534,wait,0.697533,82,B
288882.124534,util,0.743745,82,B
288882.124534,pop,1.755713,82,B
288882.124534,thr,1.170237,82,B
288885.521687,rt,3.876061,82,P
288885.521687,wait,3.179853,82,P
288885.521687,util,0.814631,82,P
288885.521687,pop,4.482246,82,P
288885.521687,thr,1.174724,82,P
288886.558279,rt,10.950052,82,System
288886.558279,pop,6784.123716,82,System
288886.558279,util,0.999944,82,System
288886.558279,thr,1.174459,82,System
290425.307085,rt,1.747719,83,A
290425.307085,wait,1.502281,83,A
290425.307085,util,0.865515,83,A
290425.307085,pop,6.163305,83,A
290425.307085,thr,3.527265,83,A
292357.299853,rt,1.539851,83,B
292357.299853,wait,0.727259,83,B
292357.299853,util,0.756441,83,B
292357.299853,pop,1.809230,83,B
292357.299853,thr,1.178646,83,B
292364.863976,rt,4.135003,83,P
292364.863976,wait,3.428204,83,P
292364.863976,util,0.831376,83,P
292364.863976,pop,4.863571,83,P
292364.863976,thr,1.177234,83,P
292365.656244,rt,11.399676,83,System
292365.656244,pop,6879.234317,83,System
292365.656244,util,0.999776,83,System
292365.656244,thr,1.177317,83,System
293929.965717,rt,1.780729,84,A
293929.965717,wait,1.531373,84,A
293929.965717,util,0.873779,84,A
293929.965717,pop,6.241557,84,A
293929.965717,thr,3.506190,84,A
295903.917543,rt,1.485470,84,B
295903.917543,wait,0.687682,84,B
295903.917543,util,0.737106,84,B
295903.917543,pop,1.715221,84,B
295903.917543,thr,1.154903,84,B
295917.784330,rt,3.443445,84,P
295917.784330,wait,2.749714,84,P
295917.784330,util,0.800251,84,P
295917.784330,pop,3.974967,84,P
295917.784330,thr,1.152854,84,P
295919.254959,rt,10.224959,84,System
295919.254959,pop,6954.163055,84,System
295919.254959,util,0.999683,84,System
295919.254959,thr,1.152634,84,System
297434.623101,rt,1.922908,85,A
297434.623101,wait,1.674257,85,A
297434.623101,util,0.872108,85,A
297434.623101,pop,6.743113,85,A
297434.623101,thr,3.506192,85,A
299446.395373,rt,1.445826,85,B
299446.395373,wait,0.659514,85,B
299446.395373,util,0.736665,85,B
299446.395373,pop,1.671835,85,B
299446.395373,thr,1.156253,85,B
299457.483922,rt,3.842148,85,P
299457.483922,wait,3.132074,85,P
299457.483922,util,0.823187,85,P
299457.483922,pop,4.470514,85,P
299457.483922,thr,1.157160,85,P
299457.809033,rt,10.851396,85,System
299457.809033,pop,7027.205843,85,System
299457.809033,util,0.999861,85,System
299457.809033,thr,1.157535,85,System
300979.467962,rt,1.731222,86,A
300979.467962,wait,1.481990,86,A
300979.467962,util,0.864459,86,A
300979.467962,pop,6.009125,86,A
300979.467962,thr,3.466442,86,A
302941.081869,rt,1.495283,86,B
302941.081869,wait,0.698995,86,B
302941.081869,util,0.743856,86,B
302941.081869,pop,1.752057,86,B
302941.081869,thr,1.172065,86,B
302948.075178,rt,4.215347,86,P
302948.075178,wait,3.510306,86,P
302948.075178,util,0.824827,86,P
302948.075178,pop,4.914931,86,P
302948.075178,thr,1.173440,86,P
302950.748082,rt,13.373528,86,System
302950.748082,pop,7100.825757,86,System
302950.748082,util,0.999902,86,System
302950.748082,thr,1.172651,86,System
304393.639107,rt,2.774045,87,A
304393.639107,wait,2.521414,87,A
304393.639107,util,0.908485,87,A
304393.639107,pop,9.974772,87,A
304393.639107,thr,3.599117,87,A
306452.578037,rt,1.500368,87,B
306452.578037,wait,0.695175,87,B
306452.578037,util,0.753861,87,B
306452.578037,pop,1.750721,87,B
306452.578037,thr,1.166454,87,B
306467.106761,rt,3.751726,87,P
306467.106761,wait,3.040429,87,P
306467.106761,util,0.830676,87,P
306467.106761,pop,4.406390,87,P
306467.106761,thr,1.163957,87,P
306469.083140,rt,11.115635,87,System
306469.083140,pop,7178.902240,87,System
306469.083140,util,0.999907,87,System
306469.083140,thr,1.164187,87,System
307949.714014,rt,1.768757,88,A
307949.714014,wait,1.519756,88,A
307949.714014,util,0.860637,88,A
307949.714014,pop,6.112813,88,A
307949.714014,thr,3.455495,88,A
310006.341717,rt,1.499187,88,B
310006.341717,wait,0.697905,88,B
310006.341717,util,0.741492,88,B
310006.341717,pop,1.727091,88,B
310006.341717,thr,1.152581,88,B
310018.032865,rt,3.853706,88,P
310018.032865,wait,3.151532,88,P
310018.032865,util,0.808186,88,P
310018.032865,pop,4.410059,88,P
310018.032865,thr,1.153502,88,P
310023.587089,rt,11.025048,88,System
310023.587089,pop,7272.072688,88,System
310023.587089,util,0.999699,88,System
310023.587089,thr,1.152341,88,System
311444.849008,rt,2.708847,89,A
311444.849008,wait,2.454168,89,A
311444.849008,util,0.895021,89,A
311444.849008,pop,9.522189,89,A
311444.849008,thr,3.515744,89,A
313553.117249,rt,1.520164,89,B
313553.117249,wait,0.707493,89,B
313553.117249,util,0.749795,89,B
313553.117249,pop,1.756354,89,B
313553.117249,thr,1.154852,89,B
313557.128907,rt,3.240418,89,P
313557.128907,wait,2.543782,89,P
313557.128907,util,0.805550,89,P
313557.128907,pop,3.746955,89,P
313557.128907,thr,1.157358,89,P
313557.556537,rt,12.207837,89,System
313557.556537,pop,7351.718256,89,System
313557.556537,util,0.999977,89,System
313557.556537,thr,1.159037,89,System
314948.524237,rt,1.736549,90,A
314948.524237,wait,1.487432,90,A
314948.524237,util,0.874609,90,A
314948.524237,pop,6.107969,90,A
314948.524237,thr,3.507174,90,A
317073.953397,rt,1.498804,90,B
317073.953397,wait,0.703754,90,B
317073.953397,util,0.744280,90,B
317073.953397,pop,1.742801,90,B
317073.953397,thr,1.163360,90,B
317075.712844,rt,3.181120,90,P
317075.712844,wait,2.486728,90,P
317075.712844,util,0.807674,90,P
317075.712844,pop,3.701146,90,P
317075.712844,thr,1.164105,90,P
317075.977014,rt,9.984162,90,System
317075.977014,pop,7443.319935,90,System
317075.977014,util,0.999870,90,System
317075.977014,thr,1.164159,90,System
318390.230053,rt,1.830873,91,A
318390.230053,wait,1.584396,91,A
318390.230053,util,0.879689,91,A
318390.230053,pop,6.523880,91,A
318390.230053,thr,3.570323,91,A
320595.550714,rt,1.484308,91,B
320595.550714,wait,0.690251,91,B
320595.550714,util,0.733190,91,B
320595.550714,pop,1.728695,91,B
320595.550714,thr,1.163109,91,B
320596.802483,rt,3.500752,91,P
320596.802483,wait,2.803547,91,P
320596.802483,util,0.810847,91,P
320596.802483,pop,4.072058,91,P
320596.802483,thr,1.163276,91,P
320597.734238,rt,9.958623,91,System
320597.734238,pop,7537.159905,91,System
320597.734238,util,0.999660,91,System
320597.734238,thr,1.163056,91,System
321909.269220,rt,1.540827,92,A
321909.269220,wait,1.295148,92,A
321909.269220,util,0.857152,92,A
321909.269220,pop,5.374253,92,A
321909.269220,thr,3.491862,92,A
324106.762671,rt,1.466751,92,B
324106.762671,wait,0.682470,92,B
324106.762671,util,0.730388,92,B
324106.762671,pop,1.709103,92,B
324106.762671,thr,1.166549,92,B
324109.868875,rt,3.413259,92,P
324109.868875,wait,2.712753,92,P
324109.868875,util,0.816773,92,P
324109.868875,pop,3.979724,92,P
324109.868875,thr,1.165933,92,P
324111.544491,rt,10.961127,92,System
324111.544491,pop,7620.381323,92,System
324111.544491,util,0.999654,92,System
324111.544491,thr,1.165686,92,System
325413.380432,rt,2.118811,93,A
325413.380432,wait,1.869026,93,A
325413.380432,util,0.877774,93,A
325413.380432,pop,7.476595,93,A
325413.380432,thr,3.506738,93,A
327568.082087,rt,1.531296,93,B
327568.082087,wait,0.722216,93,B
327568.082087,util,0.751443,93,B
327568.082087,pop,1.811275,93,B
327568.082087,thr,1.183364,93,B
327571.106214,rt,3.546048,93,P
327571.106214,wait,2.840305,93,P
327571.106214,util,0.834855,93,P
327571.106214,pop,4.195752,93,P
327571.106214,thr,1.183392,93,P
327571.122695,rt,12.230715,93,System
327571.122695,pop,7713.824776,93,System
327571.122695,util,0.999819,93,System
327571.122695,thr,1.183959,93,System
328873.417733,rt,3.003788,94,A
328873.417733,wait,2.749072,94,A
328873.417733,util,0.903936,94,A
328873.417733,pop,10.642241,94,A
328873.417733,thr,3.551407,94,A
331121.981888,rt,1.473452,94,B
331121.981888,wait,0.687202,94,B
331121.981888,util,0.732051,94,B
331121.981888,pop,1.698455,94,B
331121.981888,thr,1.152537,94,B
331126.434634,rt,3.813061,94,P
331126.434634,wait,3.115155,94,P
331126.434634,util,0.803510,94,P
331126.434634,pop,4.391808,94,P
331126.434634,thr,1.152074,94,P
331127.314574,rt,12.414393,94,System
331127.314574,pop,7784.175723,94,System
331127.314574,util,0.999999,94,System
331127.314574,thr,1.151794,94,System
332363.113746,rt,1.675321,95,A
332363.113746,wait,1.430644,95,A
332363.113746,util,0.860249,95,A
332363.113746,pop,5.875697,95,A
332363.113746,thr,3.521224,95,A
334513.878344,rt,1.496941,95,B
334513.878344,wait,0.705296,95,B
334513.878344,util,0.750765,95,B
334513.878344,pop,1.806560,95,B
334513.878344,thr,1.207584,95,B
334516.375002,rt,5.017178,95,P
334516.375002,wait,4.325948,95,P
334516.375002,util,0.835233,95,P
334516.375002,pop,6.062538,95,P
334516.375002,thr,1.208281,95,P
334516.618561,rt,13.718750,95,System
334516.618561,pop,7864.308763,95,System
334516.618561,util,0.999949,95,System
334516.618561,thr,1.208508,95,System
335749.575383,rt,2.635860,96,A
335749.575383,wait,2.385038,96,A
335749.575383,util,0.910738,96,A
335749.575383,pop,9.568205,96,A
335749.575383,thr,3.628566,96,A
338057.140659,rt,1.522119,96,B
338057.140659,wait,0.712474,96,B
338057.140659,util,0.743328,96,B
338057.140659,pop,1.759545,96,B
338057.140659,thr,1.155997,96,B
338057.428672,rt,3.511326,96,P
338057.428672,wait,2.814314,96,P
338057.428672,util,0.806050,96,P
338057.428672,pop,4.060939,96,P
338057.428672,thr,1.156718,96,P
338057.752650,rt,10.975797,96,System
338057.752650,pop,7961.775621,96,System
338057.752650,util,0.999964,96,System
338057.752650,thr,1.156692,96,System
339262.658234,rt,1.639052,97,A
339262.658234,wait,1.392142,97,A
339262.658234,util,0.862928,97,A
339262.658234,pop,5.728950,97,A
339262.658234,thr,3.497783,97,A
341477.088923,rt,1.472794,97,B
341477.088923,wait,0.684855,97,B
341477.088923,util,0.753546,97,B
341477.088923,pop,1.763359,97,B
341477.088923,thr,1.197679,97,B
341487.979403,rt,4.134905,97,P
341487.979403,wait,3.435393,97,P
341487.979403,util,0.837040,97,P
341487.979403,pop,4.952664,97,P
341487.979403,thr,1.193977,97,P
341487.988048,rt,11.898071,97,System
341487.988048,pop,8021.361930,97,System
341487.988048,util,0.999322,97,System
341487.988048,thr,1.194087,97,System
342661.789270,rt,2.199761,98,A
342661.789270,wait,1.952489,98,A
342661.789270,util,0.894101,98,A
342661.789270,pop,7.953887,98,A
342661.789270,thr,3.615042,98,A
344942.434536,rt,1.507143,98,B
344942.434536,wait,0.705343,98,B
344942.434536,util,0.753292,98,B
344942.434536,pop,1.783783,98,B
344942.434536,thr,1.181989,98,B
344956.035226,rt,4.449631,98,P
344956.035226,wait,3.733697,98,P
344956.035226,util,0.846229,98,P
344956.035226,pop,5.279402,98,P
344956.035226,thr,1.181065,98,P
344957.539317,rt,11.617314,98,System
344957.539317,pop,8090.473022,98,System
344957.539317,util,0.999852,98,System
344957.539317,thr,1.180556,98,System
346174.949931,rt,1.676261,99,A
346174.949931,wait,1.429983,99,A
346174.949931,util,0.861340,99,A
346174.949931,pop,5.862400,99,A
346174.949931,thr,3.497705,99,A
348473.331191,rt,1.473031,99,B
348473.331191,wait,0.678613,99,B
348473.331191,util,0.736095,99,B
348473.331191,pop,1.707348,99,B
348473.331191,thr,1.160045,99,B
348479.151640,rt,2.912237,99,P
348479.151640,wait,2.214576,99,P
348479.151640,util,0.809432,99,P
348479.151640,pop,3.348233,99,P
348479.151640,thr,1.162607,99,P
348481.366463,rt,9.440035,99,System
348481.366463,pop,8173.126033,99,System
348481.366463,util,0.999810,99,System
348481.366463,thr,1.162373,99,System
349649.003224,rt,1.900995,100,A
349649.003224,wait,1.653264,100,A
349649.003224,util,0.876042,100,A
349649.003224,pop,6.722725,100,A
349649.003224,thr,3.537079,100,A
351936.903630,rt,1.571885,100,B
351936.903630,wait,0.747969,100,B
351936.903630,util,0.765492,100,B
351936.903630,pop,1.857726,100,B
351936.903630,thr,1.182594,100,B
351939.332586,rt,4.117151,100,P
351939.332586,wait,3.417142,100,P
351939.332586,util,0.827928,100,P
351939.332586,pop,4.869090,100,P
351939.332586,thr,1.183753,100,P
351939.753304,rt,11.797835,100,System
351939.753304,pop,8265.167479,100,System
351939.753304,util,0.999993,100,System
351939.753304,thr,1.184367,100,System
353066.111013,rt,2.309573,101,A
353066.111013,wait,2.061690,101,A
353066.111013,util,0.891922,101,A
353066.111013,pop,8.307382,101,A
353066.111013,thr,3.596024,101,A
355386.588454,rt,1.489490,101,B
355386.588454,wait,0.696839,101,B
355386.588454,util,0.742409,101,B
355386.588454,pop,1.768358,101,B
355386.588454,thr,1.187355,101,B
355393.169334,rt,4.326099,101,P
355393.169334,wait,3.629480,101,P
355393.169334,util,0.826824,101,P
355393.169334,pop,5.134249,101,P
355393.169334,thr,1.185928,101,P
355393.377604,rt,12.799356,101,System
355393.377604,pop,8357.155695,101,System
355393.377604,util,0.999898,101,System
355393.377604,thr,1.186000,101,System
356467.184205,rt,2.802460,102,A
356467.184205,wait,2.552378,102,A
356467.184205,util,0.902871,102,A
356467.184205,pop,10.122542,102,A
356467.184205,thr,3.612977,102,A
358906.340730,rt,1.485638,102,B
358906.340730,wait,0.691319,102,B
358906.340730,util,0.740666,102,B
358906.340730,pop,1.728627,102,B
358906.340730,thr,1.163718,102,B
358910.325823,rt,3.332148,102,P
358910.325823,wait,2.641781,102,P
358910.325823,util,0.802565,102,P
358910.325823,pop,3.874667,102,P
358910.325823,thr,1.164577,102,P
358911.372882,rt,11.869047,102,System
358911.372882,pop,8449.323781,102,System
358911.372882,util,0.999773,102,System
358911.372882,thr,1.164299,102,System
360023.777478,rt,1.452206,103,A
360023.777478,wait,1.204837,103,A
360023.777478,util,0.855417,103,A
360023.777478,pop,5.027165,103,A
360023.777478,thr,3.454992,103,A
362506.577215,rt,1.456249,103,B
362506.577215,wait,0.667483,103,B
362506.577215,util,0.735886,103,B
362506.577215,pop,1.656952,103,B
362506.577215,thr,1.137703,103,B
362509.332652,rt,3.548083,103,P
362509.332652,wait,2.843159,103,P
362509.332652,util,0.802621,103,P
362509.332652,pop,4.040266,103,P
362509.332652,thr,1.138092,103,P
362509.393570,rt,10.419182,103,System
362509.393570,pop,8531.301594,103,System
362509.393570,util,0.999980,103,System
362509.393570,thr,1.138404,103,System
363554.800743,rt,2.081697,104,A
363554.800743,wait,1.829265,104,A
363554.800743,util,0.878637,104,A
363554.800743,pop,7.240035,104,A
363554.800743,thr,3.480011,104,A
365905.693364,rt,1.511953,104,B
365905.693364,wait,0.706191,104,B
365905.693364,util,0.768459,104,B
365905.693364,pop,1.821043,104,B
365905.693364,thr,1.205019,104,B
365911.007229,rt,4.153188,104,P
365911.007229,wait,3.450721,104,P
365911.007229,util,0.845324,104,P
365911.007229,pop,4.998245,104,P
365911.007229,thr,1.204113,104,P
365911.045231,rt,12.537114,104,System
365911.045231,pop,8605.505674,104,System
365911.045231,util,0.999969,104,System
365911.045231,thr,1.204121,104,System
366930.029659,rt,2.173767,105,A
366930.029659,wait,1.924222,105,A
366930.029659,util,0.907336,105,A
366930.029659,pop,7.906705,105,A
366930.029659,thr,3.640642,105,A
369375.944107,rt,1.456824,105,B
369375.944107,wait,0.673365,105,B
369375.944107,util,0.748133,105,B
369375.944107,pop,1.719293,105,B
369375.944107,thr,1.180318,105,B
369377.053309,rt,4.393443,105,P
369377.053309,wait,3.687638,105,P
369377.053309,util,0.833975,105,P
369377.053309,pop,5.191706,105,P
369377.053309,thr,1.181750,105,P
369377.502118,rt,11.771163,105,System
369377.502118,pop,8681.434046,105,System
369377.502118,util,0.999913,105,System
369377.502118,thr,1.181610,105,System
370398.924272,rt,1.984035,106,A
370398.924272,wait,1.734252,106,A
370398.924272,util,0.884849,106,A
370398.924272,pop,7.028268,106,A
370398.924272,thr,3.542339,106,A
372832.398612,rt,1.519523,106,B
372832.398612,wait,0.707753,106,B
372832.398612,util,0.752328,106,B
372832.398612,pop,1.801507,106,B
372832.398612,thr,1.185029,106,B
372836.660223,rt,3.945068,106,P
372836.660223,wait,3.252030,106,P
372836.660223,util,0.820930,106,P
372836.660223,pop,4.673251,106,P
372836.660223,thr,1.183950,106,P
372837.214810,rt,13.048603,106,System
372837.214810,pop,8754.878214,106,System
372837.214810,util,0.999853,106,System
372837.214810,thr,1.183913,106,System
373822.874439,rt,2.510337,107,A
373822.874439,wait,2.258379,107,A
373822.874439,util,0.904361,107,A
373822.874439,pop,9.009636,107,A
373822.874439,thr,3.588837,107,A
376352.393704,rt,1.549176,107,B
376352.393704,wait,0.733633,107,B
376352.393704,util,0.747276,107,B
376352.393704,pop,1.803934,107,B
376352.393704,thr,1.163638,107,B
376358.803263,rt,3.498812,107,P
376358.803263,wait,2.786370,107,P
376358.803263,util,0.828919,107,P
376358.803263,pop,4.073079,107,P
376358.803263,thr,1.162928,107,P
376358.939781,rt,13.599210,107,System
376358.939781,pop,8843.197654,107,System
376358.939781,util,0.999987,107,System
376358.939781,thr,1.163066,107,System
377340.503570,rt,2.800925,108,A
377340.503570,wait,2.548727,108,A
377340.503570,util,0.880768,108,A
377340.503570,pop,9.783441,108,A
377340.503570,thr,3.493262,108,A
379840.203283,rt,1.477466,108,B
379840.203283,wait,0.679512,108,B
379840.203283,util,0.744193,108,B
379840.203283,pop,1.732712,108,B
379840.203283,thr,1.174376,108,B
379845.455026,rt,3.814152,108,P
379845.455026,wait,3.110857,108,P
379845.455026,util,0.825937,108,P
379845.455026,pop,4.475905,108,P
379845.455026,thr,1.174766,108,P
379846.565016,rt,13.846115,108,System
379846.565016,pop,8912.337971,108,System
379846.565016,util,0.999907,108,System
379846.565016,thr,1.174438,108,System
380766.830507,rt,3.041266,109,A
380766.830507,wait,2.791906,109,A
380766.830507,util,0.894440,109,A
380766.830507,pop,10.907530,109,A
380766.830507,thr,3.586348,109,A
383233.669433,rt,1.481168,109,B
383233.669433,wait,0.690588,109,B
383233.669433,util,0.760364,109,B
383233.669433,pop,1.788101,109,B
383233.669433,thr,1.207025,109,B
383238.902994,rt,3.882381,109,P
383238.902994,wait,3.174769,109,P
383238.902994,util,0.854283,109,P
383238.902994,pop,4.688770,109,P
383238.902994,thr,1.207032,109,P
383239.486809,rt,14.571746,109,System
383239.486809,pop,8991.272405,109,System
383239.486809,util,0.999956,109,System
383239.486809,thr,1.207219,109,System
384159.439931,rt,2.880617,110,A
384159.439931,wait,2.628719,110,A
384159.439931,util,0.912143,110,A
384159.439931,pop,10.432971,110,A
384159.439931,thr,3.621991,110,A
386723.868164,rt,1.516346,110,B
386723.868164,wait,0.710012,110,B
386723.868164,util,0.752014,110,B
386723.868164,pop,1.779504,110,B
386723.868164,thr,1.173572,110,B
386740.962414,rt,4.313158,110,P
386740.962414,wait,3.612512,110,P
386740.962414,util,0.821897,110,P
386740.962414,pop,5.110429,110,P
386740.962414,thr,1.169598,110,P
386741.713884,rt,11.853879,110,System
386741.713884,pop,9059.893267,110,System
386741.713884,util,0.999912,110,System
386741.713884,thr,1.169542,110,System
387579.576890,rt,2.273524,111,A
387579.576890,wait,2.019398,111,A
387579.576890,util,0.913342,111,A
387579.576890,pop,8.169495,111,A
387579.576890,thr,3.592839,111,A
390205.910896,rt,1.567836,111,B
390205.910896,wait,0.730515,111,B
390205.910896,util,0.766149,111,B
390205.910896,pop,1.844108,111,B
390205.910896,thr,1.176321,111,B
390211.556924,rt,4.171306,111,P
390211.556924,wait,3.462334,111,P
390211.556924,util,0.832997,111,P
390211.556924,pop,4.848871,111,P
390211.556924,thr,1.180201,111,P
390213.439145,rt,11.487163,111,System
390213.439145,pop,9150.899430,111,System
390213.439145,util,0.999892,111,System
390213.439145,thr,1.179817,111,System
391112.845302,rt,1.764900,112,A
391112.845302,wait,1.518259,112,A
391112.845302,util,0.857553,112,A
391112.845302,pop,6.137160,112,A
391112.845302,thr,3.477800,112,A
393743.941216,rt,1.537186,112,B
393743.941216,wait,0.726589,112,B
393743.941216,util,0.745721,112,B
393743.941216,pop,1.779212,112,B
393743.941216,thr,1.157706,112,B
393751.034277,rt,3.504934,112,P
393751.034277,wait,2.806941,112,P
393751.034277,util,0.808013,112,P
393751.034277,pop,4.057264,112,P
393751.034277,thr,1.157233,112,P
393752.972821,rt,10.061155,112,System
393752.972821,pop,9238.645097,112,System
393752.972821,util,0.999575,112,System
393752.972821,thr,1.157215,112,System
394565.256860,rt,1.698207,113,A
394565.256860,wait,1.446032,113,A
394565.256860,util,0.897852,113,A
394565.256860,pop,6.046928,113,A
394565.256860,thr,3.559251,113,A
397196.802180,rt,1.465961,113,B
397196.802180,wait,0.679583,113,B
397196.802180,util,0.746288,113,B
397196.802180,pop,1.740527,113,B
397196.802180,thr,1.186263,113,B
397204.051375,rt,3.943012,113,P
397204.051375,wait,3.242630,113,P
397204.051375,util,0.831302,113,P
397204.051375,pop,4.683366,113,P
397204.051375,thr,1.186209,113,P
397208.531469,rt,12.149326,113,System
397208.531469,pop,9320.639839,113,System
397208.531469,util,0.999648,113,System
397208.531469,thr,1.185337,113,System
397993.518971,rt,2.815626,114,A
397993.518971,wait,2.562336,114,A
397993.518971,util,0.910276,114,A
397993.518971,pop,10.160049,114,A
397993.518971,thr,3.584323,114,A
400568.080550,rt,1.493913,114,B
400568.080550,wait,0.701489,114,B
400568.080550,util,0.751163,114,B
400568.080550,pop,1.814027,114,B
400568.080550,thr,1.214969,114,B
400587.674842,rt,4.658952,114,P
400587.674842,wait,3.941878,114,P
400587.674842,util,0.869853,114,P
400587.674842,pop,5.688070,114,P
400587.674842,thr,1.210537,114,P
400587.803558,rt,15.497966,114,System
400587.803558,pop,9399.674124,114,System
400587.803558,util,0.999991,114,System
400587.803558,thr,1.212095,114,System
401327.090853,rt,2.641148,115,A
401327.090853,wait,2.393589,115,A
401327.090853,util,0.910161,115,A
401327.090853,pop,9.667133,115,A
401327.090853,thr,3.686136,115,A
404012.930539,rt,1.576704,115,B
404012.930539,wait,0.747449,115,B
404012.930539,util,0.773063,115,B
404012.930539,pop,1.873479,115,B
404012.930539,thr,1.189021,115,B
404023.286422,rt,4.508044,115,P
404023.286422,wait,3.794727,115,P
404023.286422,util,0.849223,115,P
404023.286422,pop,5.337783,115,P
404023.286422,thr,1.192219,115,P
404024.525900,rt,12.528797,115,System
404024.525900,pop,9490.921983,115,System
404024.525900,util,0.999870,115,System
404024.525900,thr,1.191833,115,System
404775.373204,rt,1.884589,116,A
404775.373204,wait,1.635642,116,A
404775.373204,util,0.887398,116,A
404775.373204,pop,6.717881,116,A
404775.373204,thr,3.563513,116,A
407481.212015,rt,1.511598,116,B
407481.212015,wait,0.701684,116,B
407481.212015,util,0.752437,116,B
407481.212015,pop,1.788148,116,B
407481.212015,thr,1.180988,116,B
407491.480362,rt,3.947035,116,P
407491.480362,wait,3.233231,116,P
407491.480362,util,0.843478,116,P
407491.480362,pop,4.660596,116,P
407491.480362,thr,1.181018,116,P
407491.816145,rt,11.639579,116,System
407491.816145,pop,9568.849506,116,System
407491.816145,util,0.999927,116,System
407491.816145,thr,1.181326,116,System
408230.472925,rt,2.165050,117,A
408230.472925,wait,1.913025,117,A
408230.472925,util,0.895945,117,A
408230.472925,pop,7.695369,117,A
408230.472925,thr,3.556482,117,A
410907.401502,rt,1.523827,117,B
410907.401502,wait,0.719963,117,B
410907.401502,util,0.761086,117,B
410907.401502,pop,1.819767,117,B
410907.401502,thr,1.195497,117,B
410910.187352,rt,5.028713,117,P
410910.187352,wait,4.310811,117,P
410910.187352,util,0.858097,117,P
410910.187352,pop,6.005545,117,P
410910.187352,thr,1.198114,117,P
410912.996061,rt,13.343224,117,System
410912.996061,pop,9663.815004,117,System
410912.996061,util,0.999639,117,System
410912.996061,thr,1.197248,117,System
411614.219559,rt,2.501912,118,A
411614.219559,wait,2.249781,118,A
411614.219559,util,0.914594,118,A
411614.219559,pop,9.084261,118,A
411614.219559,thr,3.631478,118,A
414337.352835,rt,1.520854,118,B
414337.352835,wait,0.716001,118,B
414337.352835,util,0.759696,118,B
414337.352835,pop,1.815018,118,B
414337.352835,thr,1.194186,118,B
414349.462473,rt,4.800051,118,P
414349.462473,wait,4.077265,118,P
414349.462473,util,0.861921,118,P
414349.462473,pop,5.726287,118,P
414349.462473,thr,1.190949,118,P
414352.071147,rt,13.522380,118,System
414352.071147,pop,9764.217684,118,System
414352.071147,util,0.999903,118,System
414352.071147,thr,1.191018,118,System
415032.412244,rt,2.282628,119,A
415032.412244,wait,2.030582,119,A
415032.412244,util,0.905660,119,A
415032.412244,pop,8.204345,119,A
415032.412244,thr,3.594882,119,A
417882.402690,rt,1.492557,119,B
417882.402690,wait,0.692527,119,B
417882.402690,util,0.742078,119,B
417882.402690,pop,1.724215,119,B
417882.402690,thr,1.155414,119,B
417887.886018,rt,3.994957,119,P
417887.886018,wait,3.290119,119,P
417887.886018,util,0.815078,119,P
417887.886018,pop,4.616094,119,P
417887.886018,thr,1.157578,119,P
417888.862611,rt,12.164702,119,System
417888.862611,pop,9851.143272,119,System
417888.862611,util,0.999983,119,System
417888.862611,thr,1.158112,119,System
418559.980998,rt,2.161200,120,A
418559.980998,wait,1.909318,120,A
418559.980998,util,0.877366,120,A
418559.980998,pop,7.528277,120,A
418559.980998,thr,3.483419,120,A
421424.227846,rt,1.466920,120,B
421424.227846,wait,0.676424,120,B
421424.227846,util,0.737886,120,B
421424.227846,pop,1.699064,120,B
421424.227846,thr,1.156466,120,B
421437.128840,rt,4.377171,120,P
421437.128840,wait,3.680700,120,P
421437.128840,util,0.805792,120,P
421437.128840,pop,5.087996,120,P
421437.128840,thr,1.154049,120,P
421437.196141,rt,11.359766,120,System
421437.196141,pop,9940.907060,120,System
421437.196141,util,0.999971,120,System
421437.196141,thr,1.154345,120,System
422109.280417,rt,1.676973,121,A
422109.280417,wait,1.426215,121,A
422109.280417,util,0.869123,121,A
422109.280417,pop,5.816473,121,A
422109.280417,thr,3.462092,121,A
424914.178463,rt,1.462259,121,B
424914.178463,wait,0.680253,121,B
424914.178463,util,0.741351,121,B
424914.178463,pop,1.714068,121,B
424914.178463,thr,1.173656,121,B
424924.460518,rt,3.445003,121,P
424924.460518,wait,2.745199,121,P
424924.460518,util,0.820352,121,P
424924.460518,pop,4.016473,121,P
424924.460518,thr,1.174537,121,P
424926.900374,rt,11.562728,121,System
424926.900374,pop,10027.840402,121,System
424926.900374,util,0.999959,121,System
424926.900374,thr,1.173738,121,System
425525.041925,rt,2.264259,122,A
425525.041925,wait,2.012793,122,A
425525.041925,util,0.904491,122,A
425525.041925,pop,8.141790,122,A
425525.041925,thr,3.597441,122,A
428390.050502,rt,1.438470,122,B
428390.050502,wait,0.664557,122,B
428390.050502,util,0.733441,122,B
428390.050502,pop,1.693221,122,B
428390.050502,thr,1.178409,122,B
428392.260506,rt,4.572266,122,P
428392.260506,wait,3.851211,122,P
428392.260506,util,0.850450,122,P
428392.260506,pop,5.389340,122,P
428392.260506,thr,1.181152,122,P
428392.707649,rt,12.593828,122,System
428392.707649,pop,10094.520943,122,System
428392.707649,util,0.999438,122,System
428392.707649,thr,1.181831,122,System
428997.560920,rt,2.168806,123,A
428997.560920,wait,1.915600,123,A
428997.560920,util,0.895060,123,A
428997.560920,pop,7.666964,123,A
428997.560920,thr,3.538642,123,A
431956.530039,rt,1.543217,123,B
431956.530039,wait,0.718003,123,B
431956.530039,util,0.756575,123,B
431956.530039,pop,1.772646,123,B
431956.530039,thr,1.148471,123,B
431961.142550,rt,2.939896,123,P
431961.142550,wait,2.255295,123,P
431961.142550,util,0.785800,123,P
431961.142550,pop,3.375245,123,P
431961.142550,thr,1.147698,123,P
431962.614233,rt,9.040624,123,System
431962.614233,pop,10159.226613,123,System
431962.614233,util,0.999988,123,System
431962.614233,thr,1.147369,123,System
432540.797940,rt,1.533991,124,A
432540.797940,wait,1.286412,124,A
432540.79